Sravan Ghantasala : sravan-ghantasala-wdc
Charles Wang : charles-wang-wdc
Vidhya Sampathkumar : vidhya.sampathkumar@wdc.com
Haritha Chava : haritha-chava-wdc
Shane Quinn : shane-quinn-wdc
Tal Vardi: tal-vardi-wdc
Archit Tatwawdi : Archit-Tatwawadi-wdc 
Sonny Remigio : sonny-remigio-wdc
Prakash Kademani : prakash-kademani-wdc
Sowgandhika Saha : sowgandhika-saha-wdc
Danny Ceron Garcia : danny-cerongarcia-wdc
Sunil Kumar Reddy Poli - sunil-poli-wdc
Jai Ganesh Velu - jaiganesh-velu-wdc
Nati Nutman - nati-nutman-wdc
Anwar Ahmad - anwar-ahmad-wdc
Nitu Kumar - 
